onset	duration	sample	value
-0.001	10625.852	-0.5	boundary
5	0	2500	TrialStart
52.27533192	0	26137.666	LS-Sync
57.59473029	0	28797.3651	LS-Sync
73.27511708	0	36637.5585	LS-Sync
185.058	0	92529	TrialEnd
190.0272603	0.002	95013.6302	RHS
190.0422805	0.002	95021.1402	RTO
