onset	duration	sample	value
-0.001	10299.952	-0.5	boundary
0.1233648797	0.002	61.6824	CWR-T  1
0.3793651241	0.002	189.6826	CWR-T  1
0.669365401	0.002	334.6827	CWR-T  1
4.999369536	0.002	2499.6848	TrialStart
59.96009119	0.002	29980.0456	LHS
59.96509119	0.002	29982.5456	LTO
62.55008715	0.002	31275.0436	LHS
62.55508714	0.002	31277.5436	LTO
126.7934858	0.002	63396.7429	TrialEnd
