onset	duration	sample	value
-0.001	13119.726	-0.5	boundary
5.000678197	0.002	2500.3391	TrialStart
128.4887857	0.002	64244.3929	TrialEnd
