onset	duration	sample	value
-0.001	13680.696	-0.5	boundary
5.000217406	0.002	2500.1087	TrialStart
140.9123401	0.002	70456.17	TrialEnd
