onset	duration	sample	value
-0.001	13767.948	-0.5	boundary
5.000685638	0.002	2500.3428	TrialStart
128.6168083	0.002	64308.4042	TrialEnd
132.1293911	0.002	66064.6956	LHS
132.134391	0.002	66067.1955	LTO
132.3043879	0.002	66152.1939	LHS
132.3193876	0.002	66159.6938	LTO
