onset	duration	sample	value
-0.001	8399.704	-0.5	boundary
5	0	2500	TrialStart
32.54472752	0	16272.3638	LS-Sync
100.3460543	0	50173.0272	LS-Sync
185.03	0	92515	TrialEnd
