onset	duration	sample	value
-0.001	12922.62	-0.5	boundary
0.2494864387	0.002	124.7432	CWR-T  1
0.7094867955	0.002	354.7434	CWR-T  1
1.163487148	0.002	581.7436	CWR-T  1
4.999490123	0.002	2499.7451	TrialStart
127.4075851	0.002	63703.7925	TrialEnd
