onset	duration	sample	value
-0.001	7825.948	-0.5	boundary
5	0	2500	TrialStart
34.84258504	0	17421.2925	LS-Sync
52.23759685	0.002	26118.7984	LHS
52.24260357	0.002	26121.3018	LTO
76.61428815	0	38307.1441	LS-Sync
127.5952526	0.002	63797.6263	LHS
127.6002613	0.002	63800.1306	LTO
169.4076997	0.002	84703.8499	LHS
169.4126921	0.002	84706.346	LTO
170.5913764	0	85295.6882	LS-Sync
185.03	0	92515	TrialEnd
