onset	duration	sample	value
-0.001	12610.71	-0.5	boundary
4.999219959	0.002	2499.61	TrialStart
9.401184089	0.002	4700.592	RTO
9.426183964	0.002	4713.092	RHS
9.446183864	0.002	4723.0919	RTO
9.481183689	0.002	4740.5918	RHS
9.486183664	0.002	4743.0918	RTO
9.631182939	0.002	4815.5915	RHS
9.646182864	0.002	4823.0914	RTO
9.676182714	0.002	4838.0914	RHS
9.736182413	0.002	4868.0912	RTO
9.751182338	0.002	4875.5912	RHS
127.5013114	0.002	63750.6557	TrialEnd
