onset	duration	sample	value
-0.001	9745.546	-0.5	boundary
5	0	2500	TrialStart
35.91397011	0	17956.9851	LS-Sync
41.16775304	0	20583.8765	LS-Sync
98.61936864	0	49309.6843	LS-Sync
185.05	0	92525	TrialEnd
