onset	duration	sample	value
-0.001	7877.908	-0.5	boundary
5	0	2500	TrialStart
17.05405364	0.002	8527.0268	RTO
17.20416873	0.002	8602.0844	RHS
185.11	0	92555	TrialEnd
